OrderID,OrderDate,Region,Product,Customer,SalesRep,Quantity,UnitPrice,Revenue
1000,2025-02-27,North,Usb-C Cable,Customer 15,Priya,2.0,2095.22,4190.44
1002,2025-08-03,West,Webcam Hd,Customer 18,Arun,3.0,1968.06,5904.18
1005,2025-04-27,South,Usb-C Cable,Customer 56,Arun,3.0,791.55,2374.65
1006,2025-07-01,North,Desk Lamp,Customer 60,Meena,2.0,1539.47,3078.94
1007,2025-08-25,North,Webcam Hd,Customer 45,Suresh,4.0,1928.75,7715.0
1010,2025-07-24,West,Usb-C Cable,Customer 33,Divya,2.0,2727.36,5454.72
1011,2025-05-08,East,Bluetooth Speaker,Customer 39,Divya,5.0,874.28,4371.4
1012,2025-02-28,South,Wireless Mouse,Customer 19,Divya,3.0,899.75,2699.25
1014,2025-01-01,West,Wireless Mouse,Customer 8,Karthik,5.0,454.88,2274.4
1015,2025-02-13,South,Mechanical Keyboard,Customer 50,Priya,3.0,1989.12,5967.36
1016,2025-08-05,West,Desk Lamp,Customer 20,Divya,2.0,1078.84,2157.68
1018,2025-04-02,South,Wireless Mouse,Customer 33,Priya,5.0,1993.17,9965.85
1019,2025-08-31,West,Bluetooth Speaker,Customer 13,Arun,2.0,1971.43,3942.86
1020,2025-01-28,North,Bluetooth Speaker,Customer 47,Karthik,2.0,468.22,936.44
1025,2025-09-18,East,Wireless Mouse,Customer 39,Arun,4.0,923.05,3692.2
1027,2025-05-03,East,Usb-C Cable,Customer 43,Meena,5.0,962.27,4811.35
1028,2025-08-23,South,Mechanical Keyboard,Customer 14,Suresh,5.0,542.24,2711.2
1029,2025-07-09,East,Bluetooth Speaker,Customer 54,Suresh,5.0,1644.06,8220.3
1031,2025-04-15,West,Laptop Stand,Customer 58,Arun,5.0,1968.45,9842.25
1032,2025-03-08,Unknown,Desk Lamp,Customer 29,Suresh,3.0,1352.0,4056.0
1033,2025-03-18,South,Webcam Hd,Customer 36,Priya,3.0,453.27,1359.81
1034,2025-01-21,West,Webcam Hd,Customer 16,Meena,2.0,843.76,1687.52
1035,2025-03-21,East,Usb-C Cable,Customer 57,Divya,1.0,522.61,522.61
1036,2025-05-08,East,Desk Lamp,Customer 7,Divya,1.0,2981.42,2981.42
1037,2025-06-29,West,Usb-C Cable,Customer 2,Meena,4.0,964.69,3858.76
1038,2025-05-23,East,Webcam Hd,Customer 54,Suresh,2.0,276.0,552.0
1039,2025-05-16,South,Webcam Hd,Customer 28,Karthik,2.0,1020.22,2040.44
1042,2025-09-17,East,Laptop Stand,Customer 26,Meena,5.0,1387.26,6936.3
1043,2025-03-31,East,Mechanical Keyboard,Customer 54,Arun,5.0,752.69,3763.45
1045,2025-02-13,South,Wireless Mouse,Customer 53,Priya,5.0,529.59,2647.95
1050,2025-09-24,West,Laptop Stand,Customer 29,Arun,5.0,476.22,2381.1
1051,2025-03-12,West,Bluetooth Speaker,Customer 45,Priya,4.0,293.91,1175.64
1052,2025-02-01,East,Bluetooth Speaker,Customer 58,Suresh,1.0,3227.32,3227.32
1054,2025-12-08,North,Bluetooth Speaker,Customer 22,Meena,3.0,1865.08,5595.24
1055,2025-01-14,North,Wireless Mouse,Customer 42,Divya,3.0,2976.03,8928.09
1056,2025-04-19,South,Laptop Stand,Customer 49,Divya,5.0,3269.63,16348.15
1058,2025-05-07,North,Webcam Hd,Customer 10,Priya,3.0,1032.86,3098.58
1059,2025-05-12,East,Webcam Hd,Customer 39,Meena,2.0,3190.52,6381.04
1060,2025-01-14,East,Bluetooth Speaker,Customer 46,Priya,2.0,1556.15,3112.3
1061,2025-04-06,North,Laptop Stand,Customer 35,Divya,2.0,299.36,598.72
1062,2025-08-09,East,Laptop Stand,Customer 41,Divya,3.0,934.29,2802.87
1063,2025-05-09,East,Desk Lamp,Customer 38,Karthik,2.0,2846.35,5692.7
1064,2025-08-19,West,Webcam Hd,Customer 40,Meena,3.0,723.69,2171.07
1065,2025-04-19,North,Laptop Stand,Customer 18,Suresh,5.0,1352.14,6760.7
1067,2025-05-05,South,Bluetooth Speaker,Customer 36,Suresh,2.0,1098.23,2196.46
1068,2025-08-21,North,Laptop Stand,Customer 15,Arun,4.0,738.2,2952.8
1070,2025-04-10,Unknown,Laptop Stand,Customer 12,Karthik,1.0,2012.65,2012.65
1072,2025-01-27,West,Wireless Mouse,Customer 53,Arun,3.0,913.9,2741.7
1073,2025-03-18,South,Usb-C Cable,Customer 8,Suresh,3.0,1527.82,4583.46
1074,2025-07-14,West,Laptop Stand,Customer 56,Suresh,3.0,809.97,2429.91
1075,2025-02-20,West,Laptop Stand,Customer 43,Arun,5.0,466.45,2332.25
1076,2025-08-19,North,Wireless Mouse,Customer 15,Karthik,5.0,2142.77,10713.85
1077,2025-05-16,East,Wireless Mouse,Customer 35,Priya,3.0,851.2,2553.6
1078,2025-06-07,West,Wireless Mouse,Customer 30,Meena,5.0,1960.02,9800.1
1081,2025-09-09,West,Laptop Stand,Customer 27,Karthik,2.0,1840.92,3681.84
1082,2025-09-11,East,Mechanical Keyboard,Customer 3,Divya,2.0,759.43,1518.86
1085,2025-05-03,North,Mechanical Keyboard,Customer 1,Suresh,3.0,282.54,847.62
1086,2025-03-02,West,Desk Lamp,Customer 19,Suresh,5.0,1065.88,5329.4
1087,2025-03-16,West,Webcam Hd,Customer 33,Meena,3.0,2740.97,8222.91
1089,2025-09-05,South,Mechanical Keyboard,Customer 49,Suresh,3.0,1085.48,3256.44
1091,2025-03-19,North,Usb-C Cable,Customer 33,Suresh,2.0,2759.3,5518.6
1092,2025-08-22,East,Bluetooth Speaker,Customer 56,Meena,3.0,297.18,891.54
1093,2025-07-23,South,Webcam Hd,Customer 55,Suresh,3.0,819.26,2457.78
1094,2025-01-19,West,Webcam Hd,Customer 44,Karthik,4.0,1835.23,7340.92
1095,2025-02-21,East,Desk Lamp,Customer 20,Arun,1.0,846.32,846.32
1096,2025-03-16,East,Webcam Hd,Customer 44,Priya,3.0,456.98,1370.94
1098,2025-05-28,South,Bluetooth Speaker,Customer 23,Suresh,5.0,2183.72,10918.6
1099,2025-06-04,East,Bluetooth Speaker,Customer 7,Priya,3.0,1456.72,4370.16
1100,2025-12-01,North,Wireless Mouse,Customer 37,Meena,1.0,1572.5,1572.5
1101,2025-04-28,West,Webcam Hd,Customer 13,Suresh,5.0,2101.18,10505.9
1102,2025-12-03,North,Laptop Stand,Customer 51,Divya,1.0,1458.49,1458.49
1103,2025-06-17,East,Usb-C Cable,Customer 9,Suresh,2.0,1499.54,2999.08
1104,2025-09-04,South,Wireless Mouse,Customer 30,Arun,3.0,3278.81,9836.43
1106,2025-07-15,South,Webcam Hd,Customer 15,Divya,1.0,1614.19,1614.19
1107,2025-04-24,West,Desk Lamp,Customer 20,Meena,3.0,277.46,832.38
1108,2025-10-09,South,Usb-C Cable,Customer 57,Suresh,3.0,989.74,2969.22
1110,2025-04-22,West,Usb-C Cable,Customer 55,Karthik,2.0,1945.96,3891.92
1111,2025-01-02,North,Usb-C Cable,Customer 8,Divya,2.0,1883.9,3767.8
1112,2025-01-26,West,Usb-C Cable,Customer 51,Suresh,4.0,318.72,1274.88
1113,2025-04-30,East,Webcam Hd,Customer 1,Karthik,3.0,503.01,1509.03
1117,2025-08-16,South,Laptop Stand,Customer 39,Priya,2.0,476.55,953.1
1118,2025-06-16,North,Bluetooth Speaker,Customer 33,Suresh,3.0,316.53,949.59
1120,2025-05-11,East,Webcam Hd,Customer 60,Divya,2.0,318.84,637.68
1121,2025-07-10,North,Webcam Hd,Customer 36,Suresh,2.0,1847.97,3695.94
1122,2025-05-08,North,Webcam Hd,Customer 20,Karthik,2.0,1501.22,3002.44
1124,2025-01-14,North,Usb-C Cable,Customer 18,Meena,5.0,775.19,3875.95
1125,2025-07-25,East,Desk Lamp,Customer 41,Arun,2.0,2011.19,4022.38
1131,2025-01-22,North,Bluetooth Speaker,Customer 59,Arun,2.0,1477.8,2955.6
1133,2025-02-24,East,Webcam Hd,Customer 26,Suresh,2.0,1073.03,2146.06
1134,2025-03-28,South,Mechanical Keyboard,Customer 33,Priya,2.0,835.34,1670.68
1138,2025-01-20,South,Laptop Stand,Customer 5,Meena,2.0,1527.21,3054.42
1141,2025-05-25,East,Laptop Stand,Customer 44,Suresh,1.0,3077.51,3077.51
1143,2025-06-29,East,Usb-C Cable,Customer 39,Meena,2.0,808.42,1616.84
1144,2025-07-03,East,Mechanical Keyboard,Customer 24,Arun,2.0,747.91,1495.82
1145,2025-09-06,West,Usb-C Cable,Customer 10,Arun,5.0,3171.81,15859.05
1146,2025-09-27,South,Webcam Hd,Customer 9,Suresh,3.0,465.29,1395.87
1147,2025-03-26,North,Bluetooth Speaker,Customer 24,Meena,4.0,1021.1,4084.4
1148,2025-04-30,North,Bluetooth Speaker,Customer 58,Priya,2.0,2177.76,4355.52
1150,2025-10-07,South,Laptop Stand,Customer 6,Priya,5.0,1079.98,5399.9
1151,2025-04-24,South,Wireless Mouse,Customer 27,Arun,3.0,1461.21,4383.63
1153,2025-08-30,West,Bluetooth Speaker,Customer 40,Arun,2.0,284.4,568.8
1154,2025-05-08,North,Usb-C Cable,Customer 20,Arun,1.0,491.0,491.0
1155,2025-02-26,North,Webcam Hd,Customer 33,Suresh,4.0,1856.5,7426.0
1158,2025-06-26,South,Webcam Hd,Customer 48,Karthik,3.0,290.17,870.51
1161,2025-01-25,North,Wireless Mouse,Customer 52,Karthik,3.0,1047.61,3142.83
1162,2025-06-04,West,Laptop Stand,Customer 60,Suresh,5.0,2748.65,13743.25
1163,2025-04-03,South,Wireless Mouse,Customer 6,Karthik,5.0,790.36,3951.8
1165,2025-08-02,South,Mechanical Keyboard,Customer 52,Meena,3.0,277.64,832.92
1166,2025-01-18,South,Usb-C Cable,Customer 50,Meena,2.0,780.28,1560.56
1169,2025-08-17,North,Desk Lamp,Customer 59,Divya,4.0,277.22,1108.88
1170,2025-08-16,South,Webcam Hd,Customer 23,Meena,2.0,1511.64,3023.28
1171,2025-03-31,West,Wireless Mouse,Customer 13,Priya,4.0,2995.41,11981.64
1174,2025-04-04,East,Mechanical Keyboard,Customer 59,Arun,2.0,1394.97,2789.94
1177,2025-01-15,North,Webcam Hd,Customer 50,Suresh,5.0,1883.38,9416.9
1178,2025-01-16,North,Webcam Hd,Customer 20,Divya,4.0,3183.35,12733.4
1179,2025-01-31,West,Bluetooth Speaker,Customer 31,Divya,4.0,816.04,3264.16
1180,2025-06-26,East,Laptop Stand,Customer 33,Suresh,2.0,757.73,1515.46
1181,2025-03-14,North,Laptop Stand,Customer 25,Suresh,3.0,545.18,1635.54
1183,2025-08-23,Unknown,Webcam Hd,Customer 23,Arun,1.0,798.18,798.18
1184,2025-08-29,North,Wireless Mouse,Customer 28,Priya,5.0,1945.34,9726.7
1185,2025-01-27,South,Mechanical Keyboard,Customer 19,Arun,3.0,1484.12,4452.36
1187,2025-09-14,North,Wireless Mouse,Customer 9,Meena,2.0,2983.25,5966.5
1188,2025-09-21,Unknown,Webcam Hd,Customer 21,Priya,3.0,1570.75,4712.25
1188,2025-09-21,South,Webcam Hd,Customer 21,Priya,3.0,1570.75,4712.25
1189,2025-09-18,North,Bluetooth Speaker,Customer 53,Arun,2.0,826.77,1653.54
1191,2025-07-14,West,Wireless Mouse,Customer 37,Meena,2.0,450.99,901.98
1192,2025-04-15,West,Desk Lamp,Customer 47,Arun,3.0,1411.26,4233.78
1193,2025-09-27,South,Usb-C Cable,Customer 30,Suresh,2.0,1455.32,2910.64
1194,2025-05-16,West,Usb-C Cable,Customer 18,Suresh,5.0,543.06,2715.3
1195,2025-04-17,South,Bluetooth Speaker,Customer 23,Suresh,5.0,738.58,3692.9
1196,2025-07-22,East,Laptop Stand,Customer 3,Karthik,2.0,866.76,1733.52
1197,2025-04-20,North,Mechanical Keyboard,Customer 45,Karthik,3.0,305.92,917.76
1199,2025-03-22,West,Bluetooth Speaker,Customer 42,Priya,5.0,764.71,3823.55
1200,2025-04-29,Unknown,Bluetooth Speaker,Customer 57,Priya,1.0,2937.22,2937.22
1201,2025-05-29,North,Laptop Stand,Customer 37,Suresh,2.0,764.57,1529.14
1202,2025-09-10,West,Laptop Stand,Customer 13,Arun,2.0,522.07,1044.14
1203,2025-01-08,North,Webcam Hd,Customer 44,Priya,3.0,1605.77,4817.31
1204,2025-09-21,Unknown,Bluetooth Speaker,Customer 43,Arun,5.0,496.75,2483.75
1206,2025-01-05,South,Bluetooth Speaker,Customer 20,Priya,3.0,2000.01,6000.03
1207,2025-09-06,North,Laptop Stand,Customer 40,Priya,4.0,496.82,1987.28
1208,2025-11-07,West,Mechanical Keyboard,Customer 52,Meena,4.0,2847.53,11390.12
1209,2025-11-02,South,Wireless Mouse,Customer 59,Suresh,2.0,318.66,637.32
1210,2025-03-18,South,Mechanical Keyboard,Customer 29,Arun,4.0,2032.24,8128.96
1213,2025-01-31,West,Wireless Mouse,Customer 19,Divya,3.0,2780.33,8340.99
1214,2025-08-04,East,Bluetooth Speaker,Customer 56,Divya,3.0,309.93,929.79
1215,2025-06-28,East,Mechanical Keyboard,Customer 26,Suresh,3.0,2190.39,6571.17
1216,2025-02-06,East,Mechanical Keyboard,Customer 25,Priya,4.0,968.26,3873.04
1217,2025-02-27,East,Webcam Hd,Customer 50,Arun,4.0,455.82,1823.28
1219,2025-05-29,South,Webcam Hd,Customer 39,Meena,2.0,479.22,958.44
1222,2025-05-04,West,Usb-C Cable,Customer 20,Meena,3.0,2976.82,8930.46
1223,2025-08-02,East,Usb-C Cable,Customer 17,Priya,2.0,1830.71,3661.42
1225,2025-04-22,West,Laptop Stand,Customer 20,Arun,4.0,545.12,2180.48
1229,2025-08-02,East,Usb-C Cable,Customer 22,Priya,3.0,1598.94,4796.82
1231,2025-09-08,North,Mechanical Keyboard,Customer 3,Arun,1.0,2702.93,2702.93
1232,2025-02-04,North,Usb-C Cable,Customer 33,Divya,2.0,306.05,612.1
1233,2025-05-09,North,Wireless Mouse,Customer 35,Suresh,3.0,270.1,810.3
1239,2025-01-09,East,Desk Lamp,Customer 53,Divya,2.0,745.06,1490.12
1240,2025-07-19,East,Desk Lamp,Customer 9,Meena,2.0,1572.59,3145.18
1242,2025-08-19,West,Laptop Stand,Customer 36,Divya,3.0,516.93,1550.79
1243,2025-06-01,South,Wireless Mouse,Customer 18,Priya,3.0,2112.5,6337.5
1244,2025-04-07,South,Wireless Mouse,Customer 20,Divya,2.0,2860.91,5721.82
1247,2025-03-13,North,Laptop Stand,Customer 32,Priya,2.0,492.48,984.96
1251,2025-09-09,South,Bluetooth Speaker,Customer 18,Divya,2.0,324.84,649.68
1252,2025-03-04,West,Desk Lamp,Customer 14,Divya,5.0,3114.66,15573.3
1253,2025-07-29,East,Webcam Hd,Customer 20,Priya,5.0,1860.73,9303.65
1254,2025-08-18,East,Mechanical Keyboard,Customer 33,Meena,3.0,1360.12,4080.36
1255,2025-02-13,West,Webcam Hd,Customer 43,Karthik,3.0,2044.05,6132.15
1256,2025-07-24,East,Wireless Mouse,Customer 1,Arun,5.0,500.07,2500.35
1257,2025-04-24,South,Bluetooth Speaker,Customer 30,Meena,5.0,1999.19,9995.95
1258,2025-02-23,East,Wireless Mouse,Customer 8,Meena,3.0,768.94,2306.82
1260,2025-01-12,South,Webcam Hd,Customer 52,Priya,4.0,1401.4,5605.6
1261,2025-08-25,East,Webcam Hd,Customer 12,Priya,3.0,904.93,2714.79
1262,2025-08-08,North,Desk Lamp,Customer 14,Priya,5.0,3121.22,15606.1
1263,2025-04-06,South,Usb-C Cable,Customer 30,Arun,5.0,2143.98,10719.9
1265,2025-02-13,South,Wireless Mouse,Customer 16,Karthik,2.0,486.36,972.72
1267,2025-03-27,North,Usb-C Cable,Customer 12,Karthik,5.0,1365.17,6825.85
1269,2025-09-08,South,Webcam Hd,Customer 2,Priya,5.0,285.54,1427.7
1274,2025-05-30,North,Mechanical Keyboard,Customer 58,Meena,2.0,545.18,1090.36
1275,2025-05-22,East,Usb-C Cable,Customer 10,Meena,2.0,2847.58,5695.16
1276,2025-03-14,East,Bluetooth Speaker,Customer 29,Arun,2.0,1002.12,2004.24
1277,2025-08-07,West,Laptop Stand,Customer 38,Arun,2.0,2187.77,4375.54
1279,2025-08-03,South,Webcam Hd,Customer 49,Arun,5.0,306.55,1532.75
1280,2025-03-22,West,Wireless Mouse,Customer 28,Priya,3.0,1919.79,5759.37
1281,2025-02-17,North,Wireless Mouse,Customer 24,Meena,3.0,292.8,878.4
1282,2025-04-30,South,Desk Lamp,Customer 7,Arun,4.0,914.67,3658.68
1283,2025-08-16,North,Desk Lamp,Customer 22,Arun,3.0,1851.94,5555.82
1284,2025-02-22,South,Laptop Stand,Customer 57,Karthik,3.0,1053.64,3160.92
1286,2025-07-30,West,Wireless Mouse,Customer 58,Arun,3.0,2772.97,8318.91
1287,2025-08-08,East,Usb-C Cable,Customer 18,Meena,2.0,504.33,1008.66
1288,2025-01-14,West,Mechanical Keyboard,Customer 39,Suresh,4.0,1955.72,7822.88
1291,2025-07-02,South,Wireless Mouse,Customer 17,Priya,1.0,325.83,325.83
1294,2025-08-06,West,Wireless Mouse,Customer 16,Arun,3.0,296.21,888.63
1295,2025-03-31,North,Desk Lamp,Customer 9,Meena,1.0,498.64,498.64
1296,2025-05-13,South,Usb-C Cable,Customer 48,Karthik,2.0,3238.86,6477.72
1297,2025-09-26,North,Desk Lamp,Customer 37,Meena,2.0,990.05,1980.1
1299,2025-01-23,West,Wireless Mouse,Customer 31,Karthik,3.0,466.96,1400.88
1300,2025-08-03,South,Usb-C Cable,Customer 27,Meena,2.0,851.09,1702.18
1301,2025-01-27,West,Mechanical Keyboard,Customer 3,Divya,2.0,1072.13,2144.26
1303,2025-09-10,West,Usb-C Cable,Customer 1,Divya,1.0,503.15,503.15
1304,2025-01-05,North,Webcam Hd,Customer 25,Meena,5.0,281.37,1406.85
1306,2025-02-13,East,Webcam Hd,Customer 53,Divya,2.0,1519.33,3038.66
1307,2025-05-02,North,Laptop Stand,Customer 60,Divya,2.0,791.45,1582.9
1309,2025-04-17,North,Bluetooth Speaker,Customer 17,Arun,2.0,529.7,1059.4
1312,2025-04-03,North,Usb-C Cable,Customer 9,Priya,3.0,828.77,2486.31
1314,2025-06-19,North,Bluetooth Speaker,Customer 4,Priya,5.0,1063.27,5316.35
1315,2025-08-07,South,Usb-C Cable,Customer 59,Priya,5.0,790.37,3951.85
1317,2025-09-27,North,Bluetooth Speaker,Customer 51,Meena,2.0,1007.89,2015.78
1318,2025-09-15,East,Laptop Stand,Customer 12,Arun,2.0,1414.76,2829.52
1319,2025-01-30,South,Webcam Hd,Customer 15,Priya,2.0,514.66,1029.32
1320,2025-01-29,East,Laptop Stand,Customer 60,Priya,3.0,508.23,1524.69
1322,2025-04-23,West,Wireless Mouse,Customer 22,Suresh,4.0,2777.37,11109.48
1323,2025-06-15,North,Usb-C Cable,Customer 38,Meena,3.0,2765.63,8296.89
1324,2025-02-07,East,Webcam Hd,Customer 7,Karthik,5.0,740.9,3704.5
1326,2025-07-13,North,Usb-C Cable,Customer 12,Meena,1.0,2178.39,2178.39
1328,2025-05-02,South,Usb-C Cable,Customer 41,Arun,2.0,901.38,1802.76
1329,2025-06-29,South,Desk Lamp,Customer 1,Arun,3.0,1045.47,3136.41
1331,2025-03-25,South,Wireless Mouse,Customer 19,Arun,2.0,871.18,1742.36
1332,2025-07-12,South,Mechanical Keyboard,Customer 58,Arun,2.0,1644.49,3288.98
1333,2025-08-09,East,Usb-C Cable,Customer 4,Arun,2.0,546.34,1092.68
1334,2025-05-16,North,Usb-C Cable,Customer 7,Arun,3.0,1513.89,4541.67
1338,2025-05-18,East,Desk Lamp,Customer 43,Arun,2.0,1936.55,3873.1
1341,2025-08-11,East,Webcam Hd,Customer 17,Karthik,2.0,292.31,584.62
1343,2025-02-21,South,Laptop Stand,Customer 56,Suresh,2.0,951.87,1903.74
1345,2025-06-19,North,Desk Lamp,Customer 31,Karthik,2.0,289.3,578.6
1348,2025-03-23,North,Desk Lamp,Customer 33,Divya,5.0,3209.71,16048.55
1349,2025-04-09,North,Usb-C Cable,Customer 3,Divya,1.0,831.7,831.7
1350,2025-09-16,South,Webcam Hd,Customer 2,Priya,2.0,1017.79,2035.58
1352,2025-04-20,West,Webcam Hd,Customer 14,Karthik,3.0,1355.11,4065.33
1353,2025-05-01,East,Webcam Hd,Customer 12,Suresh,1.0,474.29,474.29
1354,2025-05-21,East,Laptop Stand,Customer 30,Karthik,4.0,959.47,3837.88
1356,2025-05-22,North,Laptop Stand,Customer 42,Meena,5.0,464.06,2320.3
1359,2025-09-17,East,Webcam Hd,Customer 57,Suresh,3.0,734.7,2204.1
1360,2025-04-04,South,Usb-C Cable,Customer 23,Priya,5.0,1056.56,5282.8
1362,2025-09-14,East,Mechanical Keyboard,Customer 20,Divya,1.0,3211.47,3211.47
1363,2025-07-29,East,Laptop Stand,Customer 56,Meena,3.0,2747.57,8242.71
1364,2025-10-06,North,Bluetooth Speaker,Customer 18,Priya,3.0,1578.29,4734.87
1366,2025-11-07,South,Mechanical Keyboard,Customer 13,Arun,1.0,2092.39,2092.39
1369,2025-07-26,West,Usb-C Cable,Customer 47,Priya,4.0,1807.86,7231.44
1370,2025-01-20,North,Mechanical Keyboard,Customer 40,Arun,5.0,308.69,1543.45
1371,2025-01-03,West,Bluetooth Speaker,Customer 8,Suresh,5.0,1039.33,5196.65
1376,2025-08-02,North,Webcam Hd,Customer 15,Divya,5.0,793.29,3966.45
1377,2025-01-21,South,Webcam Hd,Customer 21,Divya,5.0,320.0,1600.0
1379,2025-04-04,Unknown,Bluetooth Speaker,Customer 30,Karthik,3.0,2139.2,6417.6
1380,2025-03-27,East,Desk Lamp,Customer 47,Arun,3.0,293.98,881.94
1381,2025-08-13,East,Laptop Stand,Customer 40,Arun,3.0,1083.0,3249.0
1385,2025-06-19,North,Mechanical Keyboard,Customer 15,Suresh,3.0,1062.36,3187.08
1388,2025-08-21,West,Desk Lamp,Customer 43,Karthik,5.0,274.93,1374.65
1389,2025-07-01,South,Desk Lamp,Customer 7,Arun,3.0,927.16,2781.48
1390,2025-02-24,West,Usb-C Cable,Customer 8,Divya,4.0,1063.85,4255.4
1393,2025-06-14,East,Webcam Hd,Customer 59,Meena,4.0,782.68,3130.72
1395,2025-04-22,West,Webcam Hd,Customer 46,Karthik,2.0,1852.14,3704.28
1397,2025-05-27,North,Mechanical Keyboard,Customer 7,Arun,3.0,454.4,1363.2
1399,2025-02-22,East,Usb-C Cable,Customer 33,Meena,5.0,2064.76,10323.8
